<?xml version="1.0" encoding="UTF-8" ?>
<XMLDB PATH="blocks/course_notifications/db" VERSION="2024031600" COMMENT="XMLDB file for Moodle block_course_notifications"
    xmlns:xsi="http://www.w3.org/2001/XMLSchema-instance"
    xsi:noNamespaceSchemaLocation="../../../../lib/xmldb/xmldb.xsd"
>
  <TABLES>
    <TABLE NAME="block_cn_initial_sents" COMMENT="Log of initial course start emails sent to users. 'cn' stands for course_notifications.">
      <FIELDS>
        <FIELD NAME="id" TYPE="int" LENGTH="10" NOTNULL="true" SEQUENCE="true" COMMENT="Primary key."/>
        <FIELD NAME="courseid" TYPE="int" LENGTH="10" NOTNULL="true" SEQUENCE="false" COMMENT="ID of the course for which the email was sent."/>
        <FIELD NAME="userid" TYPE="int" LENGTH="10" NOTNULL="true" SEQUENCE="false" COMMENT="ID of the user to whom the email was sent."/>
        <FIELD NAME="timesent" TYPE="int" LENGTH="10" NOTNULL="true" DEFAULT="0" SEQUENCE="false" COMMENT="Unix timestamp when the email was processed/sent."/>
        <FIELD NAME="status" TYPE="char" LENGTH="20" NOTNULL="true" DEFAULT="'pending'" SEQUENCE="false" COMMENT="Status of the email sending attempt (e.g., 'sent', 'failed', 'pending')."/>
      </FIELDS>
      <KEYS>
        <KEY NAME="primary" TYPE="primary" FIELDS="id"/>
        <KEY NAME="courseid_fk" TYPE="foreign" FIELDS="courseid" REFTABLE="course" REFFIELDS="id" ONUPDATE="CASCADE" ONDELETE="CASCADE" COMMENT="Foreign key to the course table."/>
        <KEY NAME="userid_fk" TYPE="foreign" FIELDS="userid" REFTABLE="user" REFFIELDS="id" ONUPDATE="CASCADE" ONDELETE="CASCADE" COMMENT="Foreign key to the user table."/>
      </KEYS>
      <INDEXES>
        <INDEX NAME="courseuser_uk" UNIQUE="true" FIELDS="courseid, userid" COMMENT="Ensures only one initial email log entry per user per course."/>
        <INDEX NAME="status_idx" UNIQUE="false" FIELDS="status" COMMENT="Index on status for quick filtering if needed."/>
      </INDEXES>
    </TABLE>
    <TABLE NAME="block_cn_progress_reminders" COMMENT="Log of course progress reminder emails sent to users.">
      <FIELDS>
        <FIELD NAME="id" TYPE="int" LENGTH="10" NOTNULL="true" SEQUENCE="true" COMMENT="Primary key."/>
        <FIELD NAME="courseid" TYPE="int" LENGTH="10" NOTNULL="true" SEQUENCE="false" COMMENT="ID of the course."/>
        <FIELD NAME="userid" TYPE="int" LENGTH="10" NOTNULL="true" SEQUENCE="false" COMMENT="ID of the user."/>
        <FIELD NAME="timesent" TYPE="int" LENGTH="10" NOTNULL="true" DEFAULT="0" SEQUENCE="false" COMMENT="Unix timestamp when the email was processed."/>
        <FIELD NAME="status" TYPE="char" LENGTH="20" NOTNULL="true" DEFAULT="'pending'" SEQUENCE="false" COMMENT="Status (e.g., 'sent', 'failed', 'pending')."/>
        <FIELD NAME="reminder_type" TYPE="char" LENGTH="20" NOTNULL="true" DEFAULT="'progress20'" SEQUENCE="false" COMMENT="Type of reminder, e.g., 'progress20'."/>
      </FIELDS>
      <KEYS>
        <KEY NAME="primary" TYPE="primary" FIELDS="id"/>
        <KEY NAME="courseid_fk_progrem" TYPE="foreign" FIELDS="courseid" REFTABLE="course" REFFIELDS="id" ONUPDATE="CASCADE" ONDELETE="CASCADE" COMMENT="Foreign key to the course table."/>
        <KEY NAME="userid_fk_progrem" TYPE="foreign" FIELDS="userid" REFTABLE="user" REFFIELDS="id" ONUPDATE="CASCADE" ONDELETE="CASCADE" COMMENT="Foreign key to the user table."/>
      </KEYS>
      <INDEXES>
        <INDEX NAME="courseuserremtype_uk" UNIQUE="true" FIELDS="courseid, userid, reminder_type" COMMENT="Ensures one reminder type per user per course."/>
      </INDEXES>
    </TABLE>
    <TABLE NAME="block_cn_progress_reminders" COMMENT="Log of course progress and activity reminder emails sent to users.">
      <FIELDS>
        <FIELD NAME="id" TYPE="int" LENGTH="10" NOTNULL="true" SEQUENCE="true" COMMENT="Primary key."/>
        <FIELD NAME="courseid" TYPE="int" LENGTH="10" NOTNULL="true" SEQUENCE="false" COMMENT="ID of the course."/>
        <FIELD NAME="userid" TYPE="int" LENGTH="10" NOTNULL="true" SEQUENCE="false" COMMENT="ID of the user."/>
        <FIELD NAME="cmid" TYPE="int" LENGTH="10" NOTNULL="false" DEFAULT="0" SEQUENCE="false" COMMENT="ID of the course module instance (e.g., bbb id, quiz id). Optional."/> 
        <FIELD NAME="timesent" TYPE="int" LENGTH="10" NOTNULL="true" DEFAULT="0" SEQUENCE="false" COMMENT="Unix timestamp when the email was processed."/>
        <FIELD NAME="status" TYPE="char" LENGTH="20" NOTNULL="true" DEFAULT="'pending'" SEQUENCE="false" COMMENT="Status (e.g., 'sent', 'failed', 'pending')."/>
        <FIELD NAME="reminder_type" TYPE="char" LENGTH="20" NOTNULL="true" DEFAULT="'progress20'" SEQUENCE="false" COMMENT="Type of reminder, e.g., 'progress20', 'quiz_all_db', 'bbb_start_5min'."/>
      </FIELDS>
      <KEYS>
        <KEY NAME="primary" TYPE="primary" FIELDS="id"/>
        <KEY NAME="courseid_fk_progrem" TYPE="foreign" FIELDS="courseid" REFTABLE="course" REFFIELDS="id" ONUPDATE="CASCADE" ONDELETE="CASCADE"/>
        <KEY NAME="userid_fk_progrem" TYPE="foreign" FIELDS="userid" REFTABLE="user" REFFIELDS="id" ONUPDATE="CASCADE" ONDELETE="CASCADE"/>
        </KEYS>
      <INDEXES>
        <INDEX NAME="courseuserremtypecm_uk" UNIQUE="true" FIELDS="courseid, userid, reminder_type, cmid" COMMENT="Ensures one reminder type per user per course per activity instance."/>
      </INDEXES>
    </TABLE>
  </TABLES>
</XMLDB>